,category,question,similarity_5,similarity_10,similarity_20
0,Diplotype Phenotype recognition,22,0.36363636363636365,0.5454545454545454,0.5909090909090909
1,Diplotype recognition,18,0.4444444444444444,0.6666666666666666,0.7777777777777778
2,Double Phenotype and Drug recognition,7,0.14285714285714285,0.2857142857142857,0.2857142857142857
3,Double Phenotype recognition,14,0.14285714285714285,0.2857142857142857,0.5714285714285714
4,Phenotype and Drug recognition,13,0.46153846153846156,0.7692307692307693,0.9230769230769231
5,Phenotype recognition,15,0.3333333333333333,0.4666666666666667,0.6666666666666666
