Statistic,p-value,Cohen's d
0.6715835332870483,0.0006428602288047186,0.26213659459603866
