,category,question,similarity_5,similarity_10,similarity_20
0,Diplotype Phenotype recognition,22,0.5909090909090909,0.6818181818181818,0.6818181818181818
1,Diplotype recognition,18,0.8888888888888888,0.9444444444444444,0.9444444444444444
2,Double Phenotype and Drug recognition,7,0.0,0.0,0.2857142857142857
3,Double Phenotype recognition,14,0.21428571428571427,0.2857142857142857,0.2857142857142857
4,Phenotype and Drug recognition,13,0.38461538461538464,0.38461538461538464,0.6153846153846154
5,Phenotype recognition,15,0.2,0.2,0.3333333333333333
