Statistic,p-value,Cohen's d
0.734351634979248,8.108920391373726e-20,0.8486048380037248
