,category,question,mmr_5,similarity_5,mmr_10,similarity_10,mmr_20,similarity_20
0,Diplotype Phenotype recognition,22,0.7727272727272727,0.7272727272727273,0.8181818181818182,0.7727272727272727,0.8181818181818182,0.8181818181818182
1,Diplotype recognition,18,0.6111111111111112,0.6111111111111112,0.7222222222222222,0.6666666666666666,0.7222222222222222,0.7222222222222222
2,Phenotype and Drug recognition,13,0.5384615384615384,0.6153846153846154,0.6153846153846154,0.6923076923076923,0.8461538461538461,0.8461538461538461
3,Phenotype recognition,15,0.6,0.6666666666666666,0.8,0.8,0.8,0.8
