,category,question,mmr_5,similarity_5,mmr_10,similarity_10,mmr_20,similarity_20
0,Brand recognition,19,0.5263157894736842,0.5789473684210527,0.5789473684210527,0.631578947368421,0.631578947368421,0.631578947368421
1,Diplotype Phenotype recognition,22,0.5,0.5454545454545454,0.5454545454545454,0.5454545454545454,0.5454545454545454,0.5454545454545454
2,Diplotype recognition,18,0.6111111111111112,0.4444444444444444,0.6666666666666666,0.5555555555555556,0.6666666666666666,0.6666666666666666
3,Double Phenotype and Drug recognition,7,0.0,0.14285714285714285,0.2857142857142857,0.5714285714285714,0.5714285714285714,0.5714285714285714
4,Double Phenotype recognition,14,0.07142857142857142,0.07142857142857142,0.07142857142857142,0.14285714285714285,0.42857142857142855,0.42857142857142855
5,Phenotype and Drug recognition,13,0.5384615384615384,0.6153846153846154,0.6923076923076923,0.6923076923076923,0.8461538461538461,0.8461538461538461
6,Phenotype recognition,15,0.5333333333333333,0.6,0.6666666666666666,0.6,0.6666666666666666,0.6666666666666666
